{
   "results" : [
      {
         "address_components" : [
            {
               "long_name" : "Hamme",
               "short_name" : "Hamme",
               "types" : [ "locality", "political" ]
            },
            {
               "long_name" : "Oost-Vlaanderen",
               "short_name" : "OV",
               "types" : [ "administrative_area_level_2", "political" ]
            },
            {
               "long_name" : "Vlaams Gewest",
               "short_name" : "Vlaams Gewest",
               "types" : [ "administrative_area_level_1", "political" ]
            },
            {
               "long_name" : "België",
               "short_name" : "BE",
               "types" : [ "country", "political" ]
            }
         ],
         "formatted_address" : "Hamme, België",
         "geometry" : {
            "bounds" : {
               "northeast" : {
                  "lat" : 51.11159010,
                  "lng" : 4.199020
               },
               "southwest" : {
                  "lat" : 51.03221010,
                  "lng" : 4.059420
               }
            },
            "location" : {
               "lat" : 51.08333330,
               "lng" : 4.133333299999999
            },
            "location_type" : "APPROXIMATE",
            "viewport" : {
               "northeast" : {
                  "lat" : 51.11159010,
                  "lng" : 4.199020
               },
               "southwest" : {
                  "lat" : 51.03221010,
                  "lng" : 4.059420
               }
            }
         },
         "types" : [ "locality", "political" ]
      },
      {
         "address_components" : [
            {
               "long_name" : "Hamme",
               "short_name" : "Hamme",
               "types" : [ "sublocality", "political" ]
            },
            {
               "long_name" : "Hamme",
               "short_name" : "Hamme",
               "types" : [ "locality", "political" ]
            },
            {
               "long_name" : "Oost-Vlaanderen",
               "short_name" : "OV",
               "types" : [ "administrative_area_level_2", "political" ]
            },
            {
               "long_name" : "Vlaams Gewest",
               "short_name" : "Vlaams Gewest",
               "types" : [ "administrative_area_level_1", "political" ]
            },
            {
               "long_name" : "België",
               "short_name" : "BE",
               "types" : [ "country", "political" ]
            }
         ],
         "formatted_address" : "Hamme, België",
         "geometry" : {
            "bounds" : {
               "northeast" : {
                  "lat" : 51.11159010,
                  "lng" : 4.17571990
               },
               "southwest" : {
                  "lat" : 51.06443010,
                  "lng" : 4.059420
               }
            },
            "location" : {
               "lat" : 51.09020150,
               "lng" : 4.140269099999999
            },
            "location_type" : "APPROXIMATE",
            "viewport" : {
               "northeast" : {
                  "lat" : 51.11159010,
                  "lng" : 4.17571990
               },
               "southwest" : {
                  "lat" : 51.06443010,
                  "lng" : 4.059420
               }
            }
         },
         "types" : [ "sublocality", "political" ]
      },
      {
         "address_components" : [
            {
               "long_name" : "Hamme",
               "short_name" : "Hamme",
               "types" : [ "locality", "political" ]
            },
            {
               "long_name" : "Vlaams-Brabant",
               "short_name" : "VB",
               "types" : [ "administrative_area_level_2", "political" ]
            },
            {
               "long_name" : "Vlaams Gewest",
               "short_name" : "Vlaams Gewest",
               "types" : [ "administrative_area_level_1", "political" ]
            },
            {
               "long_name" : "België",
               "short_name" : "BE",
               "types" : [ "country", "political" ]
            },
            {
               "long_name" : "1785",
               "short_name" : "1785",
               "types" : [ "postal_code" ]
            }
         ],
         "formatted_address" : "1785 Hamme, België",
         "geometry" : {
            "location" : {
               "lat" : 50.920420,
               "lng" : 4.280610
            },
            "location_type" : "APPROXIMATE",
            "viewport" : {
               "northeast" : {
                  "lat" : 50.92176898029150,
                  "lng" : 4.281958980291503
               },
               "southwest" : {
                  "lat" : 50.91907101970850,
                  "lng" : 4.279261019708498
               }
            }
         },
         "types" : [ "locality", "political" ]
      },
      {
         "address_components" : [
            {
               "long_name" : "Hamme",
               "short_name" : "Hamme",
               "types" : [ "neighborhood", "political" ]
            },
            {
               "long_name" : "Heilissem",
               "short_name" : "Heilissem",
               "types" : [ "locality", "political" ]
            },
            {
               "long_name" : "Waals-Brabant",
               "short_name" : "BW",
               "types" : [ "administrative_area_level_2", "political" ]
            },
            {
               "long_name" : "Waals Gewest",
               "short_name" : "Waals Gewest",
               "types" : [ "administrative_area_level_1", "political" ]
            },
            {
               "long_name" : "België",
               "short_name" : "BE",
               "types" : [ "country", "political" ]
            },
            {
               "long_name" : "1357",
               "short_name" : "1357",
               "types" : [ "postal_code" ]
            }
         ],
         "formatted_address" : "Hamme, 1357 Heilissem, België",
         "geometry" : {
            "location" : {
               "lat" : 50.74196160,
               "lng" : 4.98426320
            },
            "location_type" : "APPROXIMATE",
            "viewport" : {
               "northeast" : {
                  "lat" : 50.74331058029150,
                  "lng" : 4.985612180291502
               },
               "southwest" : {
                  "lat" : 50.74061261970850,
                  "lng" : 4.982914219708498
               }
            }
         },
         "types" : [ "neighborhood", "political" ]
      }
   ],
   "status" : "OK"
}
